{
  "project_info": {
    "project_number": "156512606165",
    "firebase_url": "https://employees-manager-176da-default-rtdb.firebaseio.com",
    "project_id": "employees-manager-176da",
    "storage_bucket": "employees-manager-176da.appspot.com"
  },
  "client": [
    {
      "client_info": {
        "mobilesdk_app_id": "1:156512606165:android:1d7197123029c5aa320f5c",
        "android_client_info": {
          "package_name": "com.mubashar.employmanager"
        }
      },
      "oauth_client": [
        {
          "client_id": "156512606165-r33pgthmrubl8pul361q5ie43lhpklf8.apps.googleusercontent.com",
          "client_type": 3
        }
      ],
      "api_key": [
        {
          "current_key": "AIzaSyDY8wZCqdRhaR2Vus4PeBEEqIpwq59ckmo"
        }
      ],
      "services": {
        "appinvite_service": {
          "other_platform_oauth_client": [
            {
              "client_id": "156512606165-r33pgthmrubl8pul361q5ie43lhpklf8.apps.googleusercontent.com",
              "client_type": 3
            }
          ]
        }
      }
    }
  ],
  "configuration_version": "1"
}